sector,line_ministry,project_code,project_name,original_cost_cr,revised_cost_cr,expenditure_cr,original_end_date,revised_date
"Logistics Infrastructure","Department for Promotion of Industry & Internal Trade",707410,"Integrated Multi Modal Logistics Hub at Nangal Chaudhary in Haryana - Other Trunk Infrastructure Development Phase 1",763,,430,31/12/2023,15/05/2028
"Education","Department of Higher Education",602098,"Construction of Permanent Campus for IIM Jammu Phase-1 at Jagti Nagrota Jammu J&K",425,500.91,484.52,30/06/2023,30/11/2025
"Waste & Water","Department of Water Resources River Development & GR",616615,"Sewer Network SPS and STP at Begusarai",230,,261.82,30/04/2025,31/12/2025
"Waste & Water","Department of Water Resources River Development & GR",616616,"Sewer Networks SPS and STP at Hajipur",305,,346.46,30/06/2025,31/12/2025
"Water Resources","Department of Water Resources River Development & GR",400093,"Saryu Nahar CADWM Project",1673,,22.24,31/12/2019,31/03/2026
"Water Resources","Department of Water Resources River Development & GR",400095,"Gosikhurd CADWM Project",744,,458.42,31/12/2019,30/06/2026
"Water Resources","Department of Water Resources River Development & GR",400096,"Omkareshwar CADWM Project",648,648.09,208.06,31/12/2019,30/06/2027
"Water Resources","Department of Water Resources River Development & GR",400097,"Sardar Sarovar CADWM Project",5022,6670.31,4956.98,31/12/2019,31/03/2026
"Oil & Gas","Ministry of Petroleum & Natural Gas",400119,"Life Extension of 48 well platforms of Mumbai High & Heera Fields",3191,3375.9,3123.2,30/04/2018,31/08/2026
"Oil & Gas","Ministry of Petroleum & Natural Gas",400120,"KG-DWN-98/2 Cluster - II Development Project - NELP Block",34012,34012,32994.9,30/06/2020,30/06/2026
"Railways","Ministry of Railways",705764,"Nimach-Badi Sadri New Rail Line Project",495,825,238.2,31/03/2026,30/06/2026
"Railways","Ministry of Railways",705765,"Gomoh - Flyover for DN trains",686,686,621.98,26/03/2026,26/03/2026
"Railways","Ministry of Railways",705766,"Lalitpur-Birari with flyover at Lalitpur- 16 Km",304,356,248.55,31/12/2024,31/01/2026
"Railways","Ministry of Railways",705772,"Mughalsarai-Allahabad 3rd line",2649,2649.44,1836.67,31/12/2026,31/03/2027
"Railways","Ministry of Railways",705774,"Aligarh-Daud Khan Flyover Construction & 3rd Railway Line Project",758,779.49,469.8,31/01/2025,31/03/2027